problem,solver,settings,runtime,found,primal_residual,dual_residual,duality_gap
DOCSLS,clarabel,default,0.00027365400092094205,True,0.0,1.9109247517690164e-10,3.955490157636632e-08
DOCSLS,clarabel,high_accuracy,0.0003095959982601926,True,0.0,1.91491267287347e-12,3.9554670649977197e-10
DOCSLS,clarabel,low_accuracy,0.0002616729980218224,True,0.0,1.9140170213205465e-06,0.00039433592846283005
DOCSLS,clarabel,mid_accuracy,0.0002901070001826156,True,0.0,1.9109247517690164e-10,3.955490157636632e-08
DOCSLS,cvxopt,default,0.0008447140025964472,True,0.0,3.552713678800501e-15,1.075021118346342e-06
DOCSLS,cvxopt,high_accuracy,0.0008850369995343499,True,0.0,3.552713678800501e-15,1.075021118346342e-06
DOCSLS,cvxopt,low_accuracy,0.000924072002817411,True,0.0,3.552713678800501e-15,1.075021118346342e-06
DOCSLS,cvxopt,mid_accuracy,0.0008387550005863886,True,0.0,3.552713678800501e-15,1.075021118346342e-06
DOCSLS,daqp,default,9.414699889020994e-05,True,8.881784197001252e-16,5.329070518200751e-15,6.217248937900877e-15
DOCSLS,daqp,high_accuracy,8.829700163914822e-05,True,8.881784197001252e-16,5.329070518200751e-15,6.217248937900877e-15
DOCSLS,daqp,low_accuracy,9.98760006041266e-05,True,8.881784197001252e-16,5.329070518200751e-15,6.217248937900877e-15
DOCSLS,daqp,mid_accuracy,0.00010353000106988475,True,8.881784197001252e-16,5.329070518200751e-15,6.217248937900877e-15
DOCSLS,ecos,default,0.0005347210026229732,True,0.0,7.313819480714301e-05,2.1637012024733338e-05
DOCSLS,ecos,high_accuracy,0.0005586229999607895,True,0.0,7.313819480714301e-05,2.1637012024733338e-05
DOCSLS,ecos,low_accuracy,0.0007554759977210779,True,0.0,7.313819480714301e-05,2.1637012024733338e-05
DOCSLS,ecos,mid_accuracy,0.0005277899981592782,True,0.0,7.313819480714301e-05,2.1637012024733338e-05
DOCSLS,highs,default,0.0007803109983797185,True,0.0,1.740053043874923e-07,3.0489009894552055e-07
DOCSLS,highs,high_accuracy,0.000796416999946814,True,0.0,1.740053043874923e-07,3.0489009894552055e-07
DOCSLS,highs,low_accuracy,0.0007732149970252067,True,0.0,1.740053043874923e-07,3.0489009894552055e-07
DOCSLS,highs,mid_accuracy,0.0007661859999643639,True,0.0,1.740053043874923e-07,3.0489009894552055e-07
DOCSLS,osqp,default,0.0005400160007411614,True,2.6208903401325756e-05,4.048884051854884e-05,2.094502753013927e-05
DOCSLS,osqp,high_accuracy,0.000542701000085799,True,4.092504113373252e-11,1.1510969954997563e-10,5.941291902900048e-11
DOCSLS,osqp,low_accuracy,0.0005476799997268245,True,2.6208903401325756e-05,4.048884051854884e-05,2.094502753013927e-05
DOCSLS,osqp,mid_accuracy,0.0005370270009734668,True,4.092504113373252e-11,1.1510969954997563e-10,5.941291902900048e-11
DOCSLS,piqp,default,0.00012644999878830276,True,4.5944892335114673e-10,1.294453433331455e-09,2.2051285242241647e-09
DOCSLS,piqp,high_accuracy,0.00018333099797018804,True,4.594102875898898e-12,1.2949641359227826e-11,2.205169380431471e-11
DOCSLS,piqp,low_accuracy,0.00012062699897796847,True,4.594601269225507e-06,1.2944497769673546e-05,2.2052296671404292e-05
DOCSLS,piqp,mid_accuracy,0.00011689399980241433,True,4.594546654246301e-08,1.2944499250266972e-07,2.2051853321158887e-07
DOCSLS,proxqp,default,0.0002566580005805008,True,0.0,5.438415381142647e-06,2.471599573304985
DOCSLS,proxqp,high_accuracy,0.0001940950023708865,True,0.0,7.105427357601002e-15,2.0730528405010773e-10
DOCSLS,proxqp,low_accuracy,0.00019546099792933092,True,0.0,2.0423797764124174e-08,0.0003690084493817025
DOCSLS,proxqp,mid_accuracy,0.0001942569979291875,True,0.0,3.625544309215911e-12,6.558103837761564e-08
DOCSLS,qpalm,default,0.00013502000001608394,True,0.0,5.3716258108238435e-09,0.00015063913322777012
DOCSLS,qpalm,high_accuracy,0.00019686000086949207,True,8.30047142130752e-12,9.64561763794336e-13,4.069544701224004e-11
DOCSLS,qpalm,low_accuracy,0.00014744899817742407,True,0.0,5.3716258108238435e-09,0.00015063913322777012
DOCSLS,qpalm,mid_accuracy,0.00016670300101395696,True,0.0,2.6617819059993053e-11,7.966581714313747e-07
DOCSLS,qpoases,default,0.0002435570022498723,True,4.440892098500626e-16,5.329070518200751e-15,2.6645352591003757e-15
DOCSLS,qpoases,high_accuracy,0.00022461199841927737,True,0.0,5.329070518200751e-15,0.0
DOCSLS,qpoases,low_accuracy,0.00024796700017759576,True,0.0,1.2434497875801753e-14,1.7150725284409418e-12
DOCSLS,qpoases,mid_accuracy,0.0002454669993312564,True,4.440892098500626e-16,5.329070518200751e-15,2.6645352591003757e-15
DOCSLS,quadprog,default,8.397000055992976e-05,True,4.440892098500626e-16,1.7763568394002505e-14,5.329070518200751e-15
DOCSLS,quadprog,high_accuracy,7.856400043237954e-05,True,4.440892098500626e-16,1.7763568394002505e-14,5.329070518200751e-15
DOCSLS,quadprog,low_accuracy,6.929800292709842e-05,True,4.440892098500626e-16,1.7763568394002505e-14,5.329070518200751e-15
DOCSLS,quadprog,mid_accuracy,7.575199924758635e-05,True,4.440892098500626e-16,1.7763568394002505e-14,5.329070518200751e-15
DOCSLS,scs,default,0.0006408779991033953,True,3.8303486238344675e-06,6.511004544407228e-07,2.372805030059766e-05
DOCSLS,scs,high_accuracy,0.0006080580023990478,True,0.0,7.993605777301127e-15,2.4868995751603507e-14
DOCSLS,scs,low_accuracy,0.0005160559994692449,True,3.8303486238344675e-06,6.511004544407228e-07,2.372805030059766e-05
DOCSLS,scs,mid_accuracy,0.0007146749994717538,True,3.925835878604289e-09,6.673408492474664e-10,2.4319604996492217e-08
GNAR0,clarabel,default,0.0002289829972141888,True,0.0,1.1102230246251565e-16,1.1102230246251565e-16
GNAR0,clarabel,high_accuracy,0.00022646700017503463,True,0.0,1.1102230246251565e-16,1.1102230246251565e-16
GNAR0,clarabel,low_accuracy,0.00023136800155043602,True,0.0,1.1102230246251565e-16,1.1102230246251565e-16
GNAR0,clarabel,mid_accuracy,0.00023157800023909658,True,0.0,1.1102230246251565e-16,1.1102230246251565e-16
GNAR0,cvxopt,default,0.00032075900162453763,True,2.220446049250313e-16,0.0,3.3306690738754696e-16
GNAR0,cvxopt,high_accuracy,0.00032653000016580336,True,2.220446049250313e-16,0.0,3.3306690738754696e-16
GNAR0,cvxopt,low_accuracy,0.0002839400003722403,True,2.220446049250313e-16,0.0,3.3306690738754696e-16
GNAR0,cvxopt,mid_accuracy,0.00027401099941926077,True,2.220446049250313e-16,0.0,3.3306690738754696e-16
GNAR0,daqp,default,0.00011241600077482872,True,0.0,0.0,1.1102230246251565e-16
GNAR0,daqp,high_accuracy,0.00011387899940018542,True,0.0,0.0,1.1102230246251565e-16
GNAR0,daqp,low_accuracy,0.00014853099855827168,True,0.0,0.0,1.1102230246251565e-16
GNAR0,daqp,mid_accuracy,0.00011057899973820895,True,0.0,0.0,1.1102230246251565e-16
GNAR0,ecos,default,0.000977384999714559,True,5.88862292261183e-13,6.322622286136781e-05,6.322622345156237e-05
GNAR0,ecos,high_accuracy,0.0012397030004649423,True,5.88862292261183e-13,6.322622286136781e-05,6.322622345156237e-05
GNAR0,ecos,low_accuracy,0.00095526600125595,True,5.88862292261183e-13,6.322622286136781e-05,6.322622345156237e-05
GNAR0,ecos,mid_accuracy,0.0010177730000577867,True,5.88862292261183e-13,6.322622286136781e-05,6.322622345156237e-05
GNAR0,highs,default,0.0007754309990559705,True,0.0,9.99905223064701e-08,9.99905221954478e-08
GNAR0,highs,high_accuracy,0.0006874860009702388,True,0.0,9.99905223064701e-08,9.99905221954478e-08
GNAR0,highs,low_accuracy,0.0007986189993971493,True,0.0,9.99905223064701e-08,9.99905221954478e-08
GNAR0,highs,mid_accuracy,0.0008527659992978442,True,0.0,9.99905223064701e-08,9.99905221954478e-08
GNAR0,osqp,default,0.000249636999797076,True,0.00022702872778201932,0.00047383003739376317,0.0007007845276835178
GNAR0,osqp,high_accuracy,0.00028731000202242285,True,2.886579864025407e-15,9.103828801926284e-15,1.199040866595169e-14
GNAR0,osqp,low_accuracy,0.0003643220006779302,True,0.00022702872778201932,0.00047383003739376317,0.0007007845276835178
GNAR0,osqp,mid_accuracy,0.00026313799753552303,True,9.877105799915853e-10,1.3470514703683989e-09,2.334663351533095e-09
GNAR0,piqp,default,0.000119803000416141,True,9.896051200719569e-09,9.996037331205798e-11,9.995022032249778e-09
GNAR0,piqp,high_accuracy,0.00013296000179252587,True,9.792167077193881e-14,9.992007221626409e-16,9.892087149410145e-14
GNAR0,piqp,low_accuracy,0.00010451500202179886,True,9.998010396927715e-05,9.998000602973178e-07,0.00010095991199710053
GNAR0,piqp,mid_accuracy,0.0001764699991326779,True,9.896051200719569e-09,9.996037331205798e-11,9.995022032249778e-09
GNAR0,proxqp,default,0.00010088400085805915,True,9.968077149258292e-07,9.97805615909897e-10,9.977048561760071e-07
GNAR0,proxqp,high_accuracy,0.00012546699872473255,True,9.947166423884823e-10,9.95759030786303e-13,9.956130364585647e-10
GNAR0,proxqp,low_accuracy,0.00011678499868139625,True,0.0009989022065737263,9.989012076383474e-07,0.0009988035217010083
GNAR0,proxqp,mid_accuracy,0.0001386259973514825,True,9.968077149258292e-07,9.97805615909897e-10,9.977048561760071e-07
GNAR0,qpalm,default,0.0001299439973081462,True,2.258769615792744e-07,4.502243022841412e-11,2.2589944503881298e-07
GNAR0,qpalm,high_accuracy,0.00011584699677769095,True,1.1284861933802404e-10,2.4202861936828413e-14,1.1286149792510969e-10
GNAR0,qpalm,low_accuracy,0.00011576000179047696,True,0.00045211485384100136,9.042314541574115e-08,0.00045236444838336887
GNAR0,qpalm,mid_accuracy,0.00015627399989170954,True,2.258769615792744e-07,4.502243022841412e-11,2.2589944503881298e-07
GNAR0,qpoases,default,0.00020516500080702826,True,2.220446049250313e-16,3.3306690738754696e-16,6.661338147750939e-16
GNAR0,qpoases,high_accuracy,0.00021621499763568863,True,2.220446049250313e-16,3.3306690738754696e-16,6.661338147750939e-16
GNAR0,qpoases,low_accuracy,0.00024507900161552243,True,2.220446049250313e-16,1.1102230246251565e-16,4.440892098500626e-16
GNAR0,qpoases,mid_accuracy,0.00022775799880037084,True,2.220446049250313e-16,3.3306690738754696e-16,6.661338147750939e-16
GNAR0,quadprog,default,7.924699821160175e-05,True,0.0,0.0,0.0
GNAR0,quadprog,high_accuracy,6.842299990239553e-05,True,0.0,0.0,0.0
GNAR0,quadprog,low_accuracy,7.593699774588458e-05,True,0.0,0.0,0.0
GNAR0,quadprog,mid_accuracy,8.707500091986731e-05,True,0.0,0.0,0.0
GNAR0,scs,default,0.00027119199876324274,True,1.3749482774549904e-08,2.2678525724018073e-12,1.3745840021783806e-08
GNAR0,scs,high_accuracy,0.00034922200211440213,True,0.0,2.220446049250313e-16,2.220446049250313e-16
GNAR0,scs,low_accuracy,0.00030169599995133467,True,1.3749482774549904e-08,2.2678525724018073e-12,1.3745840021783806e-08
GNAR0,scs,mid_accuracy,0.0002698069984035101,True,1.3749482774549904e-08,2.2678525724018073e-12,1.3745840021783806e-08
GNAR1,clarabel,default,0.0002321680003660731,True,0.0,1.1102230246251565e-16,1.1102230246251565e-16
GNAR1,clarabel,high_accuracy,0.00023508700178354047,True,0.0,1.1102230246251565e-16,1.1102230246251565e-16
GNAR1,clarabel,low_accuracy,0.00025161899975501,True,0.0,1.1102230246251565e-16,1.1102230246251565e-16
GNAR1,clarabel,mid_accuracy,0.0002258649983559735,True,0.0,1.1102230246251565e-16,1.1102230246251565e-16
GNAR1,cvxopt,default,0.0003159549996780697,True,0.0,0.0,0.0
GNAR1,cvxopt,high_accuracy,0.00036019600156578235,True,0.0,0.0,0.0
GNAR1,cvxopt,low_accuracy,0.0003024850011570379,True,0.0,0.0,0.0
GNAR1,cvxopt,mid_accuracy,0.00033473399889771827,True,0.0,0.0,0.0
GNAR1,daqp,default,9.537200094200671e-05,True,0.0,0.0,0.0
GNAR1,daqp,high_accuracy,0.00014425100016524084,True,0.0,0.0,0.0
GNAR1,daqp,low_accuracy,0.00012138600141042843,True,0.0,0.0,0.0
GNAR1,daqp,mid_accuracy,0.00014164000094751827,True,0.0,0.0,0.0
GNAR1,ecos,default,0.0010205260005022865,True,5.291322935363496e-13,6.324509686983504e-05,6.324509739896733e-05
GNAR1,ecos,high_accuracy,0.0009356430018669926,True,5.291322935363496e-13,6.324509686983504e-05,6.324509739896733e-05
GNAR1,ecos,low_accuracy,0.0010626700022839941,True,5.291322935363496e-13,6.324509686983504e-05,6.324509739896733e-05
GNAR1,ecos,mid_accuracy,0.0012444159983715508,True,5.291322935363496e-13,6.324509686983504e-05,6.324509739896733e-05
GNAR1,highs,default,0.000811746998806484,True,0.0,1.029277685304919e-07,1.029277685304919e-07
GNAR1,highs,high_accuracy,0.0008136809992720373,True,0.0,1.029277685304919e-07,1.029277685304919e-07
GNAR1,highs,low_accuracy,0.0007193700002972037,True,0.0,1.029277685304919e-07,1.029277685304919e-07
GNAR1,highs,mid_accuracy,0.0007645039986527991,True,0.0,1.029277685304919e-07,1.029277685304919e-07
GNAR1,osqp,default,0.00026565499865682796,True,0.00022702218059134083,0.0004738300367587156,0.0007008006760097496
GNAR1,osqp,high_accuracy,0.0003066690005653072,True,4.107825191113079e-15,2.453592884421596e-14,2.864375403532904e-14
GNAR1,osqp,low_accuracy,0.0002622819993121084,True,0.00022702218059134083,0.0004738300367587156,0.0007008006760097496
GNAR1,osqp,mid_accuracy,0.00031087000024854206,True,9.876597317770575e-10,1.3470629056655525e-09,2.33472263744261e-09
GNAR1,piqp,default,0.00012911799785797484,True,9.898040054245882e-09,9.998013528189631e-11,9.998019967483174e-09
GNAR1,piqp,high_accuracy,0.00010404100248706527,True,9.792167077193881e-14,9.992007221626409e-16,9.892087149410145e-14
GNAR1,piqp,low_accuracy,0.00011199700020370074,True,9.999009998018504e-05,9.998999370708361e-07,0.00010098000089731052
GNAR1,piqp,mid_accuracy,0.0001017440008581616,True,9.898040054245882e-09,9.998013528189631e-11,9.998019967483174e-09
GNAR1,proxqp,default,0.00011756999811041169,True,9.970069670961479e-07,9.980049009428171e-10,9.980039680224095e-07
GNAR1,proxqp,high_accuracy,0.00016254900037893094,True,9.950148482928967e-10,9.95981075391228e-13,9.960108293682879e-10
GNAR1,proxqp,low_accuracy,0.00010086499969474971,True,0.000999001987023851,9.99000987933485e-07,0.0009990029730617689
GNAR1,proxqp,mid_accuracy,0.00013632500122184865,True,9.970069670961479e-07,9.980049009428171e-10,9.980039680224095e-07
GNAR1,qpalm,default,0.000112138000986306,True,2.2591984794040343e-07,4.5043524465882e-11,2.259649403146824e-07
GNAR1,qpalm,high_accuracy,0.00010961600128212012,True,1.1288103785034309e-10,9.492406860545088e-14,1.127862248040401e-10
GNAR1,qpalm,low_accuracy,0.00011716799781424925,True,0.00045215550622823564,9.043042581424743e-08,0.00045245037673136146
GNAR1,qpalm,mid_accuracy,0.00015396099843201227,True,2.2591984794040343e-07,4.5043524465882e-11,2.259649403146824e-07
GNAR1,qpoases,default,0.00024038300034590065,True,2.220446049250313e-16,1.2209471714902387e-16,4.440892098500626e-16
GNAR1,qpoases,high_accuracy,0.00023552499987999909,True,2.220446049250313e-16,1.2209471714902387e-16,4.440892098500626e-16
GNAR1,qpoases,low_accuracy,0.00020027800201205537,True,0.0,0.0,0.0
GNAR1,qpoases,mid_accuracy,0.00018982300025527366,True,2.220446049250313e-16,1.2209471714902387e-16,4.440892098500626e-16
GNAR1,quadprog,default,6.775400106562302e-05,True,0.0,0.0,1.1102230246251565e-16
GNAR1,quadprog,high_accuracy,8.74880024639424e-05,True,0.0,0.0,1.1102230246251565e-16
GNAR1,quadprog,low_accuracy,8.711400005267933e-05,True,0.0,0.0,1.1102230246251565e-16
GNAR1,quadprog,mid_accuracy,6.903699977556244e-05,True,0.0,0.0,1.1102230246251565e-16
GNAR1,scs,default,0.0002742510005191434,True,1.3748948979319664e-08,2.2680746170067323e-12,1.374668057163575e-08
GNAR1,scs,high_accuracy,0.0003255159972468391,True,3.3306690738754696e-16,3.3306690738754696e-16,6.661338147750939e-16
GNAR1,scs,low_accuracy,0.0002913770003942773,True,1.3748948979319664e-08,2.2680746170067323e-12,1.374668057163575e-08
GNAR1,scs,mid_accuracy,0.0002728440013015643,True,1.3748948979319664e-08,2.2680746170067323e-12,1.374668057163575e-08
GNAR2,clarabel,default,0.0002942469982372131,True,0.0,1.1102230246251565e-16,1.1102230246251565e-16
GNAR2,clarabel,high_accuracy,0.00022685500152874738,True,0.0,1.1102230246251565e-16,1.1102230246251565e-16
GNAR2,clarabel,low_accuracy,0.00021592800112557597,True,0.0,1.1102230246251565e-16,1.1102230246251565e-16
GNAR2,clarabel,mid_accuracy,0.00024621999909868464,True,0.0,1.1102230246251565e-16,1.1102230246251565e-16
GNAR2,cvxopt,default,0.00027915299870073795,True,1.1102230246251565e-16,0.0,1.1102230246251565e-16
GNAR2,cvxopt,high_accuracy,0.00028634999762289226,True,1.1102230246251565e-16,0.0,1.1102230246251565e-16
GNAR2,cvxopt,low_accuracy,0.00024529800066375174,True,1.1102230246251565e-16,0.0,1.1102230246251565e-16
GNAR2,cvxopt,mid_accuracy,0.0003140519984299317,True,1.1102230246251565e-16,0.0,1.1102230246251565e-16
GNAR2,daqp,default,0.00010025799929280765,True,0.0,0.0,0.0
GNAR2,daqp,high_accuracy,0.00011007700231857598,True,0.0,0.0,0.0
GNAR2,daqp,low_accuracy,0.00010540099901845679,True,0.0,0.0,0.0
GNAR2,daqp,mid_accuracy,8.613699901616201e-05,True,0.0,0.0,0.0
GNAR2,ecos,default,0.0010014309991674963,True,5.047073869945962e-13,6.324513344346805e-05,6.324513394817544e-05
GNAR2,ecos,high_accuracy,0.0010049949996755458,True,5.047073869945962e-13,6.324513344346805e-05,6.324513394817544e-05
GNAR2,ecos,low_accuracy,0.0011582400002225768,True,5.047073869945962e-13,6.324513344346805e-05,6.324513394817544e-05
GNAR2,ecos,mid_accuracy,0.0009723759976623114,True,5.047073869945962e-13,6.324513344346805e-05,6.324513394817544e-05
GNAR2,highs,default,0.0007119180008885451,True,1.1102230246251565e-16,0.00022511617180553944,0.00022511617180520638
GNAR2,highs,high_accuracy,0.0007808859991200734,True,1.1102230246251565e-16,0.00022511617180553944,0.00022511617180520638
GNAR2,highs,low_accuracy,0.0007976300003065262,True,1.1102230246251565e-16,0.00022511617180553944,0.00022511617180520638
GNAR2,highs,mid_accuracy,0.0007499310013372451,True,1.1102230246251565e-16,0.00022511617180553944,0.00022511617180520638
GNAR2,osqp,default,0.00027159799719811417,True,0.00022702217993642027,0.00047383003674750235,0.0007008006776134668
GNAR2,osqp,high_accuracy,0.00031911000041873194,True,3.9968028886505635e-15,1.8984813721090177e-14,2.298161660974074e-14
GNAR2,osqp,low_accuracy,0.0002718799987633247,True,0.00022702217993642027,0.00047383003674750235,0.0007008006776134668
GNAR2,osqp,mid_accuracy,0.00026359999901615083,True,9.876606199554772e-10,1.3470691229144904e-09,2.3347297428699676e-09
GNAR2,piqp,default,0.0001472509975428693,True,9.898040276290487e-09,9.998024630419877e-11,9.998020411572384e-09
GNAR2,piqp,high_accuracy,0.00012449800124159083,True,9.803269307440132e-14,9.992007221626409e-16,9.903189379656396e-14
GNAR2,piqp,low_accuracy,0.000102039997727843,True,9.999010097982985e-05,9.999001023830445e-07,0.00010098000306180133
GNAR2,piqp,mid_accuracy,0.00011214699770789593,True,9.898040276290487e-09,9.998024630419877e-11,9.998020411572384e-09
GNAR2,proxqp,default,9.515200144960545e-05,True,9.9700698696914e-07,9.980049009428171e-10,9.98003997887409e-07
GNAR2,proxqp,high_accuracy,0.00010894100341829471,True,9.950149593151991e-10,9.95981075391228e-13,9.960109403905903e-10
GNAR2,proxqp,low_accuracy,0.00011714499851223081,True,0.0009990019970028685,9.990009979254921e-07,0.000999002993009812
GNAR2,proxqp,mid_accuracy,0.00011015900236088783,True,9.9700698696914e-07,9.980049009428171e-10,9.98003997887409e-07
GNAR2,qpalm,default,0.0001230710004165303,True,2.2591985238129553e-07,4.5410786242428e-11,2.259653142377971e-07
GNAR2,qpalm,high_accuracy,0.00011947000166401267,True,1.1288103785034309e-10,1.7852386235972517e-13,1.1270251398798337e-10
GNAR2,qpalm,low_accuracy,0.00011092700151493773,True,0.00045215551029431644,9.043093496252652e-08,0.0004524503858343021
GNAR2,qpalm,mid_accuracy,0.00011890200039488263,True,2.2591985238129553e-07,4.5410786242428e-11,2.259653142377971e-07
GNAR2,qpoases,default,0.00027001299895346165,True,2.220446049250313e-16,8.126688205841934e-17,2.220446049250313e-16
GNAR2,qpoases,high_accuracy,0.00020126000163145363,True,2.220446049250313e-16,8.126688205841934e-17,2.220446049250313e-16
GNAR2,qpoases,low_accuracy,0.00022369400176103227,True,1.1102230246251565e-16,2.117582368135751e-22,1.1102230246251565e-16
GNAR2,qpoases,mid_accuracy,0.00023823700030334294,True,2.220446049250313e-16,8.126688205841934e-17,2.220446049250313e-16
GNAR2,quadprog,default,0.0001067000011971686,True,1.1102230246251565e-16,0.0,1.1102230246251565e-16
GNAR2,quadprog,high_accuracy,7.074500172166154e-05,True,1.1102230246251565e-16,0.0,1.1102230246251565e-16
GNAR2,quadprog,low_accuracy,7.415900108753704e-05,True,1.1102230246251565e-16,0.0,1.1102230246251565e-16
GNAR2,quadprog,mid_accuracy,7.401200127787888e-05,True,1.1102230246251565e-16,0.0,1.1102230246251565e-16
GNAR2,scs,default,0.0002789799982565455,True,1.3748949423408874e-08,2.2678525724018073e-12,1.3746681348791867e-08
GNAR2,scs,high_accuracy,0.0003670599980978295,True,1.1102230246251565e-16,4.440892098500626e-16,5.551115123125783e-16
GNAR2,scs,low_accuracy,0.00028582699815160595,True,1.3748949423408874e-08,2.2678525724018073e-12,1.3746681348791867e-08
GNAR2,scs,mid_accuracy,0.00029170899870223366,True,1.3748949423408874e-08,2.2678525724018073e-12,1.3746681348791867e-08
GNAR3,clarabel,default,0.00022058299873606302,True,0.0,1.1102230246251565e-16,1.1102230246251565e-16
GNAR3,clarabel,high_accuracy,0.0002365260006627068,True,0.0,1.1102230246251565e-16,1.1102230246251565e-16
GNAR3,clarabel,low_accuracy,0.00037041800169390626,True,0.0,1.1102230246251565e-16,1.1102230246251565e-16
GNAR3,clarabel,mid_accuracy,0.00025346999973407947,True,0.0,1.1102230246251565e-16,1.1102230246251565e-16
GNAR3,cvxopt,default,0.002385252999374643,True,0.0,0.0,0.0
GNAR3,cvxopt,high_accuracy,0.0006170839988044463,True,0.0,0.0,0.0
GNAR3,cvxopt,low_accuracy,0.0002798450004775077,True,0.0,0.0,0.0
GNAR3,cvxopt,mid_accuracy,0.00026699400041252375,True,0.0,0.0,0.0
GNAR3,daqp,default,0.00015730999803054146,True,0.0,0.0,0.0
GNAR3,daqp,high_accuracy,0.00013338100325199775,True,0.0,0.0,0.0
GNAR3,daqp,low_accuracy,0.00016475400116178207,True,0.0,0.0,0.0
GNAR3,daqp,mid_accuracy,0.00010896000094362535,True,0.0,0.0,0.0
GNAR3,ecos,default,0.001329663002252346,True,5.553335569175033e-13,6.324511909883146e-05,6.324511965416502e-05
GNAR3,ecos,high_accuracy,0.002139124997484032,True,5.553335569175033e-13,6.324511909883146e-05,6.324511965416502e-05
GNAR3,ecos,low_accuracy,0.0014950180011510383,True,5.553335569175033e-13,6.324511909883146e-05,6.324511965416502e-05
GNAR3,ecos,mid_accuracy,0.001370655998471193,True,5.553335569175033e-13,6.324511909883146e-05,6.324511965416502e-05
GNAR3,highs,default,0.001249020999239292,True,0.0,0.4901162683963777,0.49011626839637756
GNAR3,highs,high_accuracy,0.0008630869997432455,True,0.0,0.4901162683963777,0.49011626839637756
GNAR3,highs,low_accuracy,0.0014725639994139783,True,0.0,0.4901162683963777,0.49011626839637756
GNAR3,highs,mid_accuracy,0.0011569470007088967,True,0.0,0.4901162683963777,0.49011626839637756
GNAR3,osqp,default,0.00032209699929808266,True,0.00022702217993619822,0.00047383003675394164,0.000700800677619906
GNAR3,osqp,high_accuracy,0.000329704002069775,True,3.774758283725532e-15,2.5202062658991053e-14,2.8976820942716586e-14
GNAR3,osqp,low_accuracy,0.0002986799991049338,True,0.00022702217993619822,0.00047383003675394164,0.000700800677619906
GNAR3,osqp,mid_accuracy,0.00029500299933715723,True,9.876601758662673e-10,1.3470624615763427e-09,2.33472263744261e-09
GNAR3,piqp,default,0.0001525250008853618,True,9.89804038731279e-09,9.998024630419877e-11,9.998020522594686e-09
GNAR3,piqp,high_accuracy,0.00010711900176829658,True,9.803269307440132e-14,9.992007221626409e-16,9.903189379656396e-14
GNAR3,piqp,low_accuracy,0.00011963999713771045,True,9.999010097994088e-05,9.998991027382331e-07,0.00010098000206237856
GNAR3,piqp,mid_accuracy,0.00012201500067021698,True,9.89804038731279e-09,9.998024630419877e-11,9.998020522594686e-09
GNAR3,proxqp,default,0.0001548649997857865,True,9.9700698696914e-07,9.980049009428171e-10,9.98003997887409e-07
GNAR3,proxqp,high_accuracy,0.00010349700096412562,True,9.950149593151991e-10,9.95981075391228e-13,9.960109403905903e-10
GNAR3,proxqp,low_accuracy,0.00010311199730494991,True,0.0009990019970038677,9.990009979254921e-07,0.0009990029930118105
GNAR3,proxqp,mid_accuracy,0.0001034400011121761,True,9.9700698696914e-07,9.980049009428171e-10,9.98003997887409e-07
GNAR3,qpalm,default,0.00012707600035355426,True,2.2591985193720632e-07,4.50497417148199e-11,2.2596495274918027e-07
GNAR3,qpalm,high_accuracy,0.00016436500300187618,True,1.1288103785034309e-10,9.50350909079134e-14,1.1278600275943518e-10
GNAR3,qpalm,low_accuracy,0.0001563139994686935,True,0.0004521555102945385,9.043101911743179e-08,0.0004524503859191231
GNAR3,qpalm,mid_accuracy,0.00012193399743409827,True,2.2591985193720632e-07,4.50497417148199e-11,2.2596495274918027e-07
GNAR3,qpoases,default,0.00041035899994312786,True,2.220446049250313e-16,2.220446049250313e-16,4.440892098500626e-16
GNAR3,qpoases,high_accuracy,0.000269615000433987,True,2.220446049250313e-16,2.220446049250313e-16,4.440892098500626e-16
GNAR3,qpoases,low_accuracy,0.00026730999888968654,True,0.0,0.0,0.0
GNAR3,qpoases,mid_accuracy,0.00025780400028452277,True,2.220446049250313e-16,2.220446049250313e-16,4.440892098500626e-16
GNAR3,quadprog,default,0.00012937200153828599,True,0.0,0.0,0.0
GNAR3,quadprog,high_accuracy,0.00011984199954895303,True,0.0,0.0,0.0
GNAR3,quadprog,low_accuracy,0.00010735400064731948,True,0.0,0.0,0.0
GNAR3,quadprog,mid_accuracy,0.00015090500164660625,True,0.0,0.0,0.0
GNAR3,scs,default,0.0007064750025165267,True,1.3748948979319664e-08,2.2676305277968822e-12,1.3746681126747262e-08
GNAR3,scs,high_accuracy,0.0006017140003677923,True,0.0,0.0,0.0
GNAR3,scs,low_accuracy,0.0005108430013933685,True,1.3748948979319664e-08,2.2676305277968822e-12,1.3746681126747262e-08
GNAR3,scs,mid_accuracy,0.000328717000229517,True,1.3748948979319664e-08,2.2676305277968822e-12,1.3746681126747262e-08
GNAR4,clarabel,default,0.00024255900279968046,True,0.0,0.0,0.0
GNAR4,clarabel,high_accuracy,0.0002457959999446757,True,0.0,0.0,0.0
GNAR4,clarabel,low_accuracy,0.0002213750012742821,True,0.0,0.0,0.0
GNAR4,clarabel,mid_accuracy,0.00023126799715100788,True,0.0,0.0,0.0
GNAR4,cvxopt,default,0.00029527100195991807,True,0.0,0.0,0.0
GNAR4,cvxopt,high_accuracy,0.00031054200007929467,True,0.0,0.0,0.0
GNAR4,cvxopt,low_accuracy,0.00024551699971198104,True,0.0,0.0,0.0
GNAR4,cvxopt,mid_accuracy,0.0002726920029090252,True,0.0,0.0,0.0
GNAR4,daqp,default,8.694400094100274e-05,True,0.0,0.0,0.0
GNAR4,daqp,high_accuracy,0.00011277900193817914,True,0.0,0.0,0.0
GNAR4,daqp,low_accuracy,0.00010644400026649237,True,0.0,0.0,0.0
GNAR4,daqp,mid_accuracy,8.698099918547086e-05,True,0.0,0.0,0.0
GNAR4,ecos,default,0.0009696940032881685,True,4.936051567483446e-13,6.324515477651449e-05,6.324515527011965e-05
GNAR4,ecos,high_accuracy,0.001025118999677943,True,4.936051567483446e-13,6.324515477651449e-05,6.324515527011965e-05
GNAR4,ecos,low_accuracy,0.0012964749985258095,True,4.936051567483446e-13,6.324515477651449e-05,6.324515527011965e-05
GNAR4,ecos,mid_accuracy,0.0009376950001751538,True,4.936051567483446e-13,6.324515477651449e-05,6.324515527011965e-05
GNAR4,highs,default,0.0008795499998086598,True,0.0,1.0000000005838672e-07,1.0000000005838672e-07
GNAR4,highs,high_accuracy,0.0007321529992623255,True,0.0,1.0000000005838672e-07,1.0000000005838672e-07
GNAR4,highs,low_accuracy,0.0007770949996483978,True,0.0,1.0000000005838672e-07,1.0000000005838672e-07
GNAR4,highs,mid_accuracy,0.0009895769981085323,True,0.0,1.0000000005838672e-07,1.0000000005838672e-07
GNAR4,osqp,default,0.0002673759991012048,True,0.00022702217993642027,0.00047383003675405266,0.0007008006776202391
GNAR4,osqp,high_accuracy,0.00027677599791786633,True,3.9968028886505635e-15,2.531308496145357e-14,2.930988785010413e-14
GNAR4,osqp,low_accuracy,0.0002653199990163557,True,0.00022702217993642027,0.00047383003675405266,0.0007008006776202391
GNAR4,osqp,mid_accuracy,0.0003270619999966584,True,9.876606199554772e-10,1.3470629056655525e-09,2.3347235256210297e-09
GNAR4,piqp,default,0.0001311249980062712,True,9.898040165268185e-09,9.998024630419877e-11,9.998020300550081e-09
GNAR4,piqp,high_accuracy,0.00010342700261389837,True,9.803269307440132e-14,9.992007221626409e-16,9.903189379656396e-14
GNAR4,piqp,low_accuracy,0.00012736899952869862,True,9.999010097994088e-05,9.999009216166144e-07,0.00010098000388125694
GNAR4,piqp,mid_accuracy,0.0001241209974978119,True,9.898040165268185e-09,9.998024630419877e-11,9.998020300550081e-09
GNAR4,proxqp,default,0.0001591969994478859,True,9.9700698696914e-07,9.980049009428171e-10,9.98003997887409e-07
GNAR4,proxqp,high_accuracy,0.0001166340007330291,True,9.950149593151991e-10,9.95981075391228e-13,9.960109403905903e-10
GNAR4,proxqp,low_accuracy,8.828299905871972e-05,True,0.0009990019970039787,9.990009979254921e-07,0.0009990029930119215
GNAR4,proxqp,mid_accuracy,0.00010689500049920753,True,9.9700698696914e-07,9.980049009428171e-10,9.98003997887409e-07
GNAR4,qpalm,default,0.00011081199772888795,True,2.2591985193720632e-07,4.50497417148199e-11,2.2596495274918027e-07
GNAR4,qpalm,high_accuracy,0.00013391799802775495,True,1.1288103785034309e-10,9.50350909079134e-14,1.1278600275943518e-10
GNAR4,qpalm,low_accuracy,0.00019301399879623204,True,0.0004521555102945385,9.043101911743179e-08,0.0004524503859191231
GNAR4,qpalm,mid_accuracy,0.00011284900028840639,True,2.2591985193720632e-07,4.50497417148199e-11,2.2596495274918027e-07
GNAR4,qpoases,default,0.0002121699981216807,True,1.1102230246251565e-16,1.1102230246251565e-16,2.220446049250313e-16
GNAR4,qpoases,high_accuracy,0.00021607300004689023,True,1.1102230246251565e-16,1.1102230246251565e-16,2.220446049250313e-16
GNAR4,qpoases,low_accuracy,0.0001852570021583233,True,0.0,0.0,0.0
GNAR4,qpoases,mid_accuracy,0.00023391799913952127,True,1.1102230246251565e-16,1.1102230246251565e-16,2.220446049250313e-16
GNAR4,quadprog,default,0.00010887300231843255,True,0.0,0.0,0.0
GNAR4,quadprog,high_accuracy,0.00010241199925076216,True,0.0,0.0,0.0
GNAR4,quadprog,low_accuracy,8.587900083512068e-05,True,0.0,0.0,0.0
GNAR4,quadprog,mid_accuracy,7.001800258876756e-05,True,0.0,0.0,0.0
GNAR4,scs,default,0.00037476400029845536,True,1.3748948979319664e-08,2.2676305277968822e-12,1.3746681126747262e-08
GNAR4,scs,high_accuracy,0.0002967369982798118,True,2.220446049250313e-16,0.0,2.220446049250313e-16
GNAR4,scs,low_accuracy,0.0002844889968400821,True,1.3748948979319664e-08,2.2676305277968822e-12,1.3746681126747262e-08
GNAR4,scs,mid_accuracy,0.00044729699948220514,True,1.3748948979319664e-08,2.2676305277968822e-12,1.3746681126747262e-08
ICULS0,clarabel,default,0.0014564160010195337,False,inf,inf,inf
ICULS0,clarabel,high_accuracy,0.0014884509982948657,False,inf,inf,inf
ICULS0,clarabel,low_accuracy,0.0014250960011850111,False,inf,inf,inf
ICULS0,clarabel,mid_accuracy,0.0007841590013413224,False,inf,inf,inf
ICULS0,cvxopt,default,0.0008806819969322532,True,0.0,1.4784745872020721e-08,5.684341886080802e-14
ICULS0,cvxopt,high_accuracy,0.0012431059985829052,True,0.0,1.4784745872020721e-08,5.684341886080802e-14
ICULS0,cvxopt,low_accuracy,0.0023945719985931646,True,0.0,1.4784745872020721e-08,5.684341886080802e-14
ICULS0,cvxopt,mid_accuracy,0.0008910539982025512,True,0.0,1.4784745872020721e-08,5.684341886080802e-14
ICULS0,daqp,default,0.0006697050012007821,True,0.0,1.9441358745098114e-08,9.833911462919787e-12
ICULS0,daqp,high_accuracy,0.0016338890018232632,True,0.0,1.9441358745098114e-08,9.833911462919787e-12
ICULS0,daqp,low_accuracy,0.0012576820008689538,True,0.0,1.9441358745098114e-08,9.833911462919787e-12
ICULS0,daqp,mid_accuracy,0.0012076739985786844,True,0.0,1.9441358745098114e-08,9.833911462919787e-12
ICULS0,ecos,default,0.0243355540005723,True,0.0,89.41249026847072,0.017331946255069397
ICULS0,ecos,high_accuracy,0.02735763899909216,True,0.0,3.2556162658147514,0.0006311960737548361
ICULS0,ecos,low_accuracy,0.006672225001238985,False,inf,inf,inf
ICULS0,ecos,mid_accuracy,0.02849243400123669,True,0.0,89.41249026847072,0.017331946255069397
ICULS0,highs,default,0.012112184002035065,True,0.0,5.098991096019745e-08,0.0
ICULS0,highs,high_accuracy,0.013593441002740292,True,0.0,5.098991096019745e-08,0.0
ICULS0,highs,low_accuracy,0.006071498999517644,True,0.0,5.098991096019745e-08,0.0
ICULS0,highs,mid_accuracy,0.004048717000841862,True,0.0,5.098991096019745e-08,0.0
ICULS0,osqp,default,0.004165493999607861,True,0.0,1.4350872850045562,0.0002771095896036968
ICULS0,osqp,high_accuracy,0.07737874599843053,False,inf,inf,inf
ICULS0,osqp,low_accuracy,0.002320694002264645,True,0.0,4.068482667207718e-06,7.593143891426735e-10
ICULS0,osqp,mid_accuracy,0.0025109400012297556,True,0.0,6.915070116519928e-08,2.3305801732931286e-12
ICULS0,piqp,default,0.00044994500058237463,True,0.0,5.078036338090897e-07,1.020066520140972e-08
ICULS0,piqp,high_accuracy,0.03611169400028302,False,inf,inf,inf
ICULS0,piqp,low_accuracy,0.0008958720027294476,True,0.0,5.078036338090897e-07,1.020066520140972e-08
ICULS0,piqp,mid_accuracy,0.0008860420020937454,True,0.0,5.078036338090897e-07,1.020066520140972e-08
ICULS0,proxqp,default,0.00036491300124907866,True,0.0,5.059642717242241e-06,1.0211664402959286e-07
ICULS0,proxqp,high_accuracy,0.1745683739973174,False,inf,inf,inf
ICULS0,proxqp,low_accuracy,0.00036885199733660556,True,0.0,5.059642717242241e-06,1.0211664402959286e-07
ICULS0,proxqp,mid_accuracy,0.0007856699994590599,True,0.0,1.4551915228366852e-08,1.425632945029065e-10
ICULS0,qpalm,default,0.0014030450001882855,True,0.0,3.015482798218727e-05,6.059422616999655e-07
ICULS0,qpalm,high_accuracy,0.0023024770016490947,False,inf,inf,inf
ICULS0,qpalm,low_accuracy,0.0014003440010128543,True,0.0,3.015482798218727e-05,6.059422616999655e-07
ICULS0,qpalm,mid_accuracy,0.0011722880008164793,False,inf,inf,inf
ICULS0,qpoases,default,0.04320113599897013,False,inf,inf,inf
ICULS0,qpoases,high_accuracy,0.0072868950010160916,False,inf,inf,inf
ICULS0,qpoases,low_accuracy,0.00043437299973447807,True,0.0,86.7820920245722,1.744224217202202
ICULS0,qpoases,mid_accuracy,0.013392803000897402,True,0.0,4.959292709827423e-08,4.143885234952904e-11
ICULS0,quadprog,default,0.000807972999609774,True,0.0,2.0489096641540527e-08,2.205524651799351e-11
ICULS0,quadprog,high_accuracy,0.0007725699979346246,True,0.0,2.0489096641540527e-08,2.205524651799351e-11
ICULS0,quadprog,low_accuracy,0.001150533000327414,True,0.0,2.0489096641540527e-08,2.205524651799351e-11
ICULS0,quadprog,mid_accuracy,0.0008329400006914511,True,0.0,2.0489096641540527e-08,2.205524651799351e-11
ICULS0,scs,default,0.0015324220003094524,False,inf,inf,inf
ICULS0,scs,high_accuracy,0.001471318999392679,False,inf,inf,inf
ICULS0,scs,low_accuracy,0.0014369119999173563,False,inf,inf,inf
ICULS0,scs,mid_accuracy,0.001019169001665432,False,inf,inf,inf
ICULS1,clarabel,default,0.010694241002056515,False,inf,inf,inf
ICULS1,clarabel,high_accuracy,0.007889163000072585,False,inf,inf,inf
ICULS1,clarabel,low_accuracy,0.007842031998734456,False,inf,inf,inf
ICULS1,clarabel,mid_accuracy,0.00796748100037803,False,inf,inf,inf
ICULS1,cvxopt,default,0.043592149999312824,True,0.0,7.450580596923828e-05,1.2823875294998288e-10
ICULS1,cvxopt,high_accuracy,0.044039397998858476,True,0.0,7.450580596923828e-05,1.2823875294998288e-10
ICULS1,cvxopt,low_accuracy,0.04381978699893807,True,0.0,7.450580596923828e-05,1.2823875294998288e-10
ICULS1,cvxopt,mid_accuracy,0.04444833900197409,True,0.0,7.450580596923828e-05,1.2823875294998288e-10
ICULS1,daqp,default,0.45643161999760196,True,0.0,6.097555160522461e-05,2.2737367544323206e-11
ICULS1,daqp,high_accuracy,0.505722338999476,True,0.0,6.097555160522461e-05,2.2737367544323206e-11
ICULS1,daqp,low_accuracy,0.5039296110007854,True,0.0,6.097555160522461e-05,2.2737367544323206e-11
ICULS1,daqp,mid_accuracy,0.5185520790000737,True,0.0,6.097555160522461e-05,2.2737367544323206e-11
ICULS1,ecos,default,4.470489761999488,False,inf,inf,inf
ICULS1,ecos,high_accuracy,4.493581427999743,False,inf,inf,inf
ICULS1,ecos,low_accuracy,0.766877645997738,False,inf,inf,inf
ICULS1,ecos,mid_accuracy,4.483646234999469,False,inf,inf,inf
ICULS1,highs,default,0.9787885319965426,True,0.0,0.0001951456069946289,3.694822225952521e-10
ICULS1,highs,high_accuracy,0.925217268999404,True,0.0,0.0001951456069946289,3.694822225952521e-10
ICULS1,highs,low_accuracy,0.9293270659982227,True,0.0,0.0001951456069946289,3.694822225952521e-10
ICULS1,highs,mid_accuracy,0.9193884319975041,True,0.0,0.0001951456069946289,3.694822225952521e-10
ICULS1,osqp,default,0.3516699850006262,True,0.0,1422.6988172531128,0.0023754974117764505
ICULS1,osqp,high_accuracy,6.102307388002373,False,inf,inf,inf
ICULS1,osqp,low_accuracy,5.165679120997083,True,0.0,0.0019829273223876953,8.330971468240023e-10
ICULS1,osqp,mid_accuracy,6.08223145699958,False,inf,inf,inf
ICULS1,piqp,default,0.08217896600035601,True,0.0,0.0004105567932128906,1.8360879039391875e-08
ICULS1,piqp,high_accuracy,4.040042649998213,False,inf,inf,inf
ICULS1,piqp,low_accuracy,0.08424488699893118,True,0.0,0.0004105567932128906,1.8360879039391875e-08
ICULS1,piqp,mid_accuracy,4.016477298999234,False,inf,inf,inf
ICULS1,proxqp,default,17.700590542999635,False,inf,inf,inf
ICULS1,proxqp,high_accuracy,17.657795862000057,False,inf,inf,inf
ICULS1,proxqp,low_accuracy,18.249128556002688,False,inf,inf,inf
ICULS1,proxqp,mid_accuracy,17.69004483700155,False,inf,inf,inf
ICULS1,qpalm,default,0.2605684330010263,True,0.0,0.023221731185913086,5.403931027103681e-07
ICULS1,qpalm,high_accuracy,0.2690459900004498,False,inf,inf,inf
ICULS1,qpalm,low_accuracy,0.26730159200087655,False,inf,inf,inf
ICULS1,qpalm,mid_accuracy,0.24510241800089716,False,inf,inf,inf
ICULS1,qpoases,default,4.38852100800068,False,inf,inf,inf
ICULS1,qpoases,high_accuracy,0.09663487400030135,False,inf,inf,inf
ICULS1,qpoases,low_accuracy,0.23251831400193623,True,0.0,110461.56532096863,48.66437613788639
ICULS1,qpoases,mid_accuracy,6.465703347999806,False,inf,inf,inf
ICULS1,quadprog,default,0.2975942689990916,True,0.0,0.00016677379608154297,1.701891960692592e-10
ICULS1,quadprog,high_accuracy,0.3352966740021657,True,0.0,0.00016677379608154297,1.701891960692592e-10
ICULS1,quadprog,low_accuracy,0.3335037079996255,True,0.0,0.00016677379608154297,1.701891960692592e-10
ICULS1,quadprog,mid_accuracy,0.34451220099799684,True,0.0,0.00016677379608154297,1.701891960692592e-10
ICULS1,scs,default,0.014535357997374376,False,inf,inf,inf
ICULS1,scs,high_accuracy,0.007792974000039976,False,inf,inf,inf
ICULS1,scs,low_accuracy,0.009332769997854484,False,inf,inf,inf
ICULS1,scs,mid_accuracy,0.007724454000708647,False,inf,inf,inf
QUADCMPC1,clarabel,default,0.0359968939992541,True,3.391007045950447e-15,6.12720549420001e-11,4.823822708834036e-09
QUADCMPC1,clarabel,high_accuracy,0.014800621000176761,True,7.346278794443638e-16,3.869296455438281e-11,5.567860229441354e-10
QUADCMPC1,clarabel,low_accuracy,0.010635755999828689,True,5.02295089168188e-09,1.5793534325283356e-07,0.000699555982303608
QUADCMPC1,clarabel,mid_accuracy,0.017284978999668965,True,1.588241171618462e-13,1.3618393762631015e-11,7.916750788393356e-07
QUADCMPC1,cvxopt,default,2.7690608379998594,False,inf,inf,inf
QUADCMPC1,cvxopt,high_accuracy,2.7566721409966704,False,inf,inf,inf
QUADCMPC1,cvxopt,low_accuracy,1.723550629998499,True,1.2279399719261619e-11,3.4332275390625e-05,1.7805335203237274e-08
QUADCMPC1,cvxopt,mid_accuracy,2.726136757999484,False,inf,inf,inf
QUADCMPC1,daqp,default,2.0506270119985857,True,0.09694309327125905,3.5561831257524545e-17,4.822156389472365e-11
QUADCMPC1,daqp,high_accuracy,2.1380589340005827,True,4.6374924900227654e-08,3.2959746043559335e-17,4.821536919719094e-11
QUADCMPC1,daqp,low_accuracy,1.8996894209994934,True,2.904929517389948,2.949029909160572e-17,5.1616360491335556e-11
QUADCMPC1,daqp,mid_accuracy,2.0520502500003204,True,0.09694309327125905,3.5561831257524545e-17,4.822156389472365e-11
QUADCMPC1,ecos,default,0.1032508999996935,False,inf,inf,inf
QUADCMPC1,ecos,high_accuracy,0.09492291700007627,False,inf,inf,inf
QUADCMPC1,ecos,low_accuracy,0.0978748830020777,False,inf,inf,inf
QUADCMPC1,ecos,mid_accuracy,0.09702525700049591,False,inf,inf,inf
QUADCMPC1,highs,default,0.91288015399914,False,inf,inf,inf
QUADCMPC1,highs,high_accuracy,0.8881050490017515,False,inf,inf,inf
QUADCMPC1,highs,low_accuracy,0.8837417880022258,False,inf,inf,inf
QUADCMPC1,highs,mid_accuracy,0.8886618750002526,False,inf,inf,inf
QUADCMPC1,osqp,default,0.030820976000541123,True,0.0024946928406948954,2.2188627227348837e-05,0.0003901433992152923
QUADCMPC1,osqp,high_accuracy,0.15913354599979357,False,inf,inf,inf
QUADCMPC1,osqp,low_accuracy,0.020334929999080487,True,0.0008739126827672083,1.6388117758909238e-06,0.0064253993231721835
QUADCMPC1,osqp,mid_accuracy,0.15634092599793803,False,inf,inf,inf
QUADCMPC1,piqp,default,5.47978808300104,False,inf,inf,inf
QUADCMPC1,piqp,high_accuracy,5.424281708001217,False,inf,inf,inf
QUADCMPC1,piqp,low_accuracy,0.24215820600147708,True,1.0803497581468483e-09,0.00021274071490978968,0.00026648852538930254
QUADCMPC1,piqp,mid_accuracy,5.441091109001718,False,inf,inf,inf
QUADCMPC1,proxqp,default,0.3620779760021833,True,2.627339972078488e-06,1.4082195150794543e-06,0.00011517996541098204
QUADCMPC1,proxqp,high_accuracy,4.423169190999033,True,2.141958013204058e-10,1.6437372296618236e-12,8.806718757026211e-10
QUADCMPC1,proxqp,low_accuracy,0.3532614539981296,True,2.627339972078488e-06,1.4082195150794543e-06,0.00011517996541098204
QUADCMPC1,proxqp,mid_accuracy,1.0934133209993888,True,4.543186796935168e-12,2.6015276931144358e-08,9.76272435686612e-07
QUADCMPC1,qpalm,default,0.010179482000239659,True,0.0006153060958008667,5.193979519012918e-05,0.002224652767487863
QUADCMPC1,qpalm,high_accuracy,0.0695472970000992,True,9.67496697314224e-10,1.8675790526758379e-13,9.733533423705865e-14
QUADCMPC1,qpalm,low_accuracy,0.010162997001316398,True,0.0006153060958008667,5.193979519012918e-05,0.002224652767487863
QUADCMPC1,qpalm,mid_accuracy,0.017395504997693934,True,5.441237321259992e-07,4.6568851898981656e-07,6.773789436248859e-07
QUADCMPC1,qpoases,default,14.180334415999823,False,inf,inf,inf
QUADCMPC1,qpoases,high_accuracy,103.3370707869999,False,inf,inf,inf
QUADCMPC1,qpoases,low_accuracy,0.7914412560021447,True,1.180493203190025e-12,1.0463635166657603e-15,4.6693551802867717e-14
QUADCMPC1,qpoases,mid_accuracy,14.3063265159999,False,inf,inf,inf
QUADCMPC1,quadprog,default,17.568014421000044,False,inf,inf,inf
QUADCMPC1,quadprog,high_accuracy,17.400804437998886,False,inf,inf,inf
QUADCMPC1,quadprog,low_accuracy,17.598643912000625,False,inf,inf,inf
QUADCMPC1,quadprog,mid_accuracy,17.51063953799894,False,inf,inf,inf
QUADCMPC1,scs,default,0.17844404299830785,True,6.467416996607371e-05,8.88640138259707e-08,5.9814218869748104e-05
QUADCMPC1,scs,high_accuracy,10.0146212260006,False,inf,inf,inf
QUADCMPC1,scs,low_accuracy,0.03629842800000915,True,0.0002342293736780547,0.0002579776295104926,0.0009375140489045549
QUADCMPC1,scs,mid_accuracy,0.34560983600022155,True,7.623785503944414e-07,1.2415322105300144e-09,7.83020493762906e-07
QUADCMPC2,clarabel,default,0.028594335999514442,True,7.956301252448778e-16,4.9165389751134426e-11,1.8543001218433464e-09
QUADCMPC2,clarabel,high_accuracy,0.012196283998491708,True,9.598316842106139e-16,3.011821680600439e-11,3.147950155718058e-10
QUADCMPC2,clarabel,low_accuracy,0.008915747002902208,True,1.7341294318401014e-09,6.819704775290786e-08,0.00014577892540307744
QUADCMPC2,clarabel,mid_accuracy,0.009051746998011367,True,6.443154782489524e-14,1.6329445093250814e-10,6.928020034377828e-08
QUADCMPC2,cvxopt,default,0.8652112710005895,False,inf,inf,inf
QUADCMPC2,cvxopt,high_accuracy,0.8965462109990767,False,inf,inf,inf
QUADCMPC2,cvxopt,low_accuracy,0.7169501759999548,True,1.4785839219655372e-11,4.1961669921875e-05,7.758243639020208e-09
QUADCMPC2,cvxopt,mid_accuracy,0.8954766610004299,False,inf,inf,inf
QUADCMPC2,daqp,default,0.7326725979983166,True,1.1735667992951448e-07,3.469446951953614e-17,9.7540421920006e-11
QUADCMPC2,daqp,high_accuracy,0.7305019330015057,True,1.1735667992951448e-07,3.469446951953614e-17,9.7540421920006e-11
QUADCMPC2,daqp,low_accuracy,0.7024187149982026,True,3.401379206943887,3.187554387107383e-17,9.821619385841363e-11
QUADCMPC2,daqp,mid_accuracy,0.7298867110002902,True,1.1735667992951448e-07,3.469446951953614e-17,9.7540421920006e-11
QUADCMPC2,ecos,default,0.04586302399911801,False,inf,inf,inf
QUADCMPC2,ecos,high_accuracy,0.048069095999380806,False,inf,inf,inf
QUADCMPC2,ecos,low_accuracy,0.04654901999674621,False,inf,inf,inf
QUADCMPC2,ecos,mid_accuracy,0.04699891400014167,False,inf,inf,inf
QUADCMPC2,highs,default,0.36977903400111245,False,inf,inf,inf
QUADCMPC2,highs,high_accuracy,0.3685402379996958,False,inf,inf,inf
QUADCMPC2,highs,low_accuracy,0.3719543400002294,False,inf,inf,inf
QUADCMPC2,highs,mid_accuracy,0.3701708789994882,False,inf,inf,inf
QUADCMPC2,osqp,default,0.00861674000043422,True,0.002579695042818833,0.0009817182675962534,0.2361841357115428
QUADCMPC2,osqp,high_accuracy,0.1292701969978225,False,inf,inf,inf
QUADCMPC2,osqp,low_accuracy,0.012606370997673366,True,0.0008100244372798993,3.8765737559935413e-07,0.0022862261156997854
QUADCMPC2,osqp,mid_accuracy,0.11691077199793654,False,inf,inf,inf
QUADCMPC2,piqp,default,2.3983243869988655,False,inf,inf,inf
QUADCMPC2,piqp,high_accuracy,2.332627750998654,False,inf,inf,inf
QUADCMPC2,piqp,low_accuracy,0.1045763629990688,True,8.435365874827716e-10,0.00011900754364016497,5.983466963952754e-05
QUADCMPC2,piqp,mid_accuracy,2.3635476189992914,False,inf,inf,inf
QUADCMPC2,proxqp,default,0.10874407899973448,True,6.411762637044227e-06,9.675491010835579e-07,5.8702452017229956e-05
QUADCMPC2,proxqp,high_accuracy,1.6356875700003002,True,2.408971384395749e-10,1.1581550266883366e-13,9.953055185585313e-10
QUADCMPC2,proxqp,low_accuracy,0.11659582199717988,True,6.411762637045465e-06,9.67549095793041e-07,5.8702452017207404e-05
QUADCMPC2,proxqp,mid_accuracy,0.22555750899846316,True,1.2050768141615847e-09,6.419585742263118e-08,7.915915912828919e-07
QUADCMPC2,qpalm,default,0.0045006419968558475,True,0.0005444443994002785,3.7386558971314873e-06,0.0004454510110824088
QUADCMPC2,qpalm,high_accuracy,0.01648203500008094,True,7.112018327749741e-10,9.443400922348744e-14,5.842895611785082e-14
QUADCMPC2,qpalm,low_accuracy,0.004655758002627408,True,0.0005444443994002785,3.7386558971314873e-06,0.0004454510110824088
QUADCMPC2,qpalm,mid_accuracy,0.006955313998332713,True,2.0966101189900943e-07,9.892652966250052e-09,2.1843170336550977e-07
QUADCMPC2,qpoases,default,7.968577223000466,False,inf,inf,inf
QUADCMPC2,qpoases,high_accuracy,33.637334095999904,False,inf,inf,inf
QUADCMPC2,qpoases,low_accuracy,0.23874467499990715,True,7.069900220812997e-13,3.9698975198530116e-10,1.2203348031571137e-07
QUADCMPC2,qpoases,mid_accuracy,8.051416518999758,False,inf,inf,inf
QUADCMPC2,quadprog,default,4.421714473002794,False,inf,inf,inf
QUADCMPC2,quadprog,high_accuracy,4.405734388001292,False,inf,inf,inf
QUADCMPC2,quadprog,low_accuracy,4.411525157000142,False,inf,inf,inf
QUADCMPC2,quadprog,mid_accuracy,4.3907920439996815,False,inf,inf,inf
QUADCMPC2,scs,default,0.09148513399850344,True,0.000312866007661965,1.8723019982659528e-07,1.9185221432723076e-05
QUADCMPC2,scs,high_accuracy,0.8843290500008152,True,9.969400658737387e-10,1.833468154208626e-11,6.8603901272224e-10
QUADCMPC2,scs,low_accuracy,0.03857618099937099,True,0.00013185911442031492,0.00019603859574409533,0.0009584908450612166
QUADCMPC2,scs,mid_accuracy,0.20836704500106862,True,8.656769895365457e-07,1.8183791567745313e-09,3.1014360310165607e-07
QUADCMPC3,clarabel,default,0.012257312002475373,True,3.3306690738754696e-16,1.8610639339237857e-14,1.5050539106775004e-10
QUADCMPC3,clarabel,high_accuracy,0.01482828900043387,True,3.3306690738754696e-16,1.8610639339237857e-14,1.5050539106775004e-10
QUADCMPC3,clarabel,low_accuracy,0.005330676001904067,True,2.4147350785597155e-15,1.7811362433509612e-08,0.00014972466438653164
QUADCMPC3,clarabel,mid_accuracy,0.00506418099757866,True,5.6343818499726694e-15,1.8153903049672937e-12,1.503801639169005e-08
QUADCMPC3,cvxopt,default,0.2388210249991971,True,4.440892098500626e-16,3.184645358354769e-22,1.1012898950099319e-08
QUADCMPC3,cvxopt,high_accuracy,0.24308158900021226,True,4.440892098500626e-16,3.184645358354769e-22,1.1012898950099319e-08
QUADCMPC3,cvxopt,low_accuracy,0.31300037400069414,True,4.440892098500626e-16,3.184645358354769e-22,1.1012898950099319e-08
QUADCMPC3,cvxopt,mid_accuracy,0.24269764400014537,True,4.440892098500626e-16,3.184645358354769e-22,1.1012898950099319e-08
QUADCMPC3,daqp,default,0.020099566998396767,True,8.326672684688674e-17,3.308722450212111e-24,6.617444900424222e-24
QUADCMPC3,daqp,high_accuracy,0.02024197299760999,True,8.326672684688674e-17,3.308722450212111e-24,6.617444900424222e-24
QUADCMPC3,daqp,low_accuracy,0.021884088000660995,True,8.326672684688674e-17,3.308722450212111e-24,6.617444900424222e-24
QUADCMPC3,daqp,mid_accuracy,0.0202327589977358,True,8.326672684688674e-17,3.308722450212111e-24,6.617444900424222e-24
QUADCMPC3,ecos,default,0.021991705001710216,False,inf,inf,inf
QUADCMPC3,ecos,high_accuracy,0.023652813000808237,False,inf,inf,inf
QUADCMPC3,ecos,low_accuracy,0.028891571000713157,False,inf,inf,inf
QUADCMPC3,ecos,mid_accuracy,0.0228788380009064,False,inf,inf,inf
QUADCMPC3,highs,default,0.18552371400073753,False,inf,inf,inf
QUADCMPC3,highs,high_accuracy,0.19093180799973197,False,inf,inf,inf
QUADCMPC3,highs,low_accuracy,0.18369339300261345,False,inf,inf,inf
QUADCMPC3,highs,mid_accuracy,0.18703392699899268,False,inf,inf,inf
QUADCMPC3,osqp,default,0.006183403998875292,True,0.0006568881254802594,0.00035197905865288034,0.05155775769949643
QUADCMPC3,osqp,high_accuracy,0.10006215199973667,False,inf,inf,inf
QUADCMPC3,osqp,low_accuracy,0.0029492899993783794,True,0.0006568881254802594,0.00035197905865288034,0.05155775769949643
QUADCMPC3,osqp,mid_accuracy,0.052129182000498986,True,9.763390967970752e-07,4.5659776527095914e-11,2.655483911473737e-09
QUADCMPC3,piqp,default,0.04997598999761976,True,4.440892098500626e-16,5.258660964479082e-10,2.6012571812429365e-09
QUADCMPC3,piqp,high_accuracy,0.09516473400071845,True,4.440892098500626e-16,1.6101873463759053e-11,2.6046999936424313e-11
QUADCMPC3,piqp,low_accuracy,0.07440929699805565,True,2.197408921489341e-13,3.984671464744112e-06,2.2067551159080805e-05
QUADCMPC3,piqp,mid_accuracy,0.08572493300016504,True,5.245803791353865e-15,5.319743559400323e-08,2.4127087364678274e-07
QUADCMPC3,proxqp,default,0.024365443998249248,True,7.664044343880239e-07,6.131235501112249e-06,0.0024001831061523007
QUADCMPC3,proxqp,high_accuracy,0.06637083699752111,True,2.1549262374520595e-11,9.195127831722026e-12,8.24362720633325e-11
QUADCMPC3,proxqp,low_accuracy,0.06224143899817136,True,7.664006960172998e-07,1.111502379450974e-07,2.845288551606963e-06
QUADCMPC3,proxqp,mid_accuracy,0.06424933900052565,True,1.3392747466589583e-08,4.008257637474045e-09,4.1966449928790785e-08
QUADCMPC3,qpalm,default,0.005913017001148546,True,0.0003920071598295965,1.35897932004728e-06,0.0004970302361966593
QUADCMPC3,qpalm,high_accuracy,0.009340241998870624,True,4.043358451798095e-11,4.4570962142497666e-14,1.1707145036325111e-14
QUADCMPC3,qpalm,low_accuracy,0.0026020419973065145,True,0.0003920071598295965,1.35897932004728e-06,0.0004970302361966593
QUADCMPC3,qpalm,mid_accuracy,0.0038127459993120283,True,3.615168541443918e-08,3.963992936455588e-11,3.1983737012794577e-12
QUADCMPC3,qpoases,default,4.133798138998827,False,inf,inf,inf
QUADCMPC3,qpoases,high_accuracy,14.170785688998876,False,inf,inf,inf
QUADCMPC3,qpoases,low_accuracy,0.20663149499887368,True,1.0325074129013956e-14,7.862227886759467e-11,3.08513671842884e-08
QUADCMPC3,qpoases,mid_accuracy,4.237117009997746,False,inf,inf,inf
QUADCMPC3,quadprog,default,0.06527436000033049,True,2.461396933807362e-16,1.6543612251060553e-24,0.0
QUADCMPC3,quadprog,high_accuracy,0.07103720599843655,True,2.461396933807362e-16,1.6543612251060553e-24,0.0
QUADCMPC3,quadprog,low_accuracy,0.07114769200052251,True,2.461396933807362e-16,1.6543612251060553e-24,0.0
QUADCMPC3,quadprog,mid_accuracy,0.0709147519992257,True,2.461396933807362e-16,1.6543612251060553e-24,0.0
QUADCMPC3,scs,default,0.029383436998614343,True,8.118867013659492e-05,2.0090317928258228e-07,9.56225405929602e-06
QUADCMPC3,scs,high_accuracy,0.9652607049974904,True,7.109597455097764e-10,6.420064315059964e-17,1.4555515412524874e-15
QUADCMPC3,scs,low_accuracy,0.02472767799918074,True,8.216243809053281e-05,0.00011134188677551759,0.0009855454162175186
QUADCMPC3,scs,mid_accuracy,0.05809479099843884,True,3.901321103497326e-07,4.399404209361323e-12,2.367098992266615e-10
QUADCMPC4,clarabel,default,0.01629530600257567,True,2.479178249540572e-15,4.2411601747268883e-13,3.616687821815631e-11
QUADCMPC4,clarabel,high_accuracy,0.016254059999482706,True,2.479178249540572e-15,4.2411601747268883e-13,3.616687821815631e-11
QUADCMPC4,clarabel,low_accuracy,0.005507727000804152,True,2.478898171708777e-09,4.015013344719947e-07,3.603637996592243e-05
QUADCMPC4,clarabel,mid_accuracy,0.006557787000929238,True,2.4790899541531433e-13,4.123711615110843e-11,3.6253355706396134e-09
QUADCMPC4,cvxopt,default,1.6415817930028425,False,inf,inf,inf
QUADCMPC4,cvxopt,high_accuracy,1.627436786002363,False,inf,inf,inf
QUADCMPC4,cvxopt,low_accuracy,0.25442241199925775,True,4.440892098500626e-16,1.52587890625e-05,7.350559817525728e-10
QUADCMPC4,cvxopt,mid_accuracy,1.6128524300002027,False,inf,inf,inf
QUADCMPC4,daqp,default,0.16402088299946627,True,8.208565734691022e-16,3.308722450212111e-24,1.3234889800848443e-23
QUADCMPC4,daqp,high_accuracy,0.16747756300173933,True,8.208565734691022e-16,3.308722450212111e-24,1.3234889800848443e-23
QUADCMPC4,daqp,low_accuracy,0.16801686500184587,True,8.208565734691022e-16,3.308722450212111e-24,1.3234889800848443e-23
QUADCMPC4,daqp,mid_accuracy,0.16741274800006067,True,8.208565734691022e-16,3.308722450212111e-24,1.3234889800848443e-23
QUADCMPC4,ecos,default,0.022634408000158146,False,inf,inf,inf
QUADCMPC4,ecos,high_accuracy,0.024501933999999892,False,inf,inf,inf
QUADCMPC4,ecos,low_accuracy,0.026474851998500526,False,inf,inf,inf
QUADCMPC4,ecos,mid_accuracy,0.02433118800036027,False,inf,inf,inf
QUADCMPC4,highs,default,0.0747035300009884,False,inf,inf,inf
QUADCMPC4,highs,high_accuracy,0.07445595300305285,False,inf,inf,inf
QUADCMPC4,highs,low_accuracy,0.07460481800080743,False,inf,inf,inf
QUADCMPC4,highs,mid_accuracy,0.07392304400127614,False,inf,inf,inf
QUADCMPC4,osqp,default,0.007407851000607479,True,0.002601768140921029,0.0001815226627295048,0.026797811191603925
QUADCMPC4,osqp,high_accuracy,0.09866416299701086,False,inf,inf,inf
QUADCMPC4,osqp,low_accuracy,0.004890533000434516,True,0.000743985112233253,1.225054903220763e-05,0.00019920966617753262
QUADCMPC4,osqp,mid_accuracy,0.07919149400186143,False,inf,inf,inf
QUADCMPC4,piqp,default,0.8121032359995297,False,inf,inf,inf
QUADCMPC4,piqp,high_accuracy,0.8042392099996505,False,inf,inf,inf
QUADCMPC4,piqp,low_accuracy,0.029496016999473795,True,8.044946626538498e-10,2.001952948988231e-06,1.2903911781593703e-05
QUADCMPC4,piqp,mid_accuracy,0.07433522999781417,True,2.0439315086049028e-13,1.1532132553090402e-07,1.2120838208247067e-07
QUADCMPC4,proxqp,default,0.03697727200051304,True,1.2262517680980445e-06,6.13128327609011e-06,0.0024002012607536854
QUADCMPC4,proxqp,high_accuracy,0.07545742699949187,True,1.3472806204006815e-11,1.3147036972343583e-11,1.0317645203815981e-10
QUADCMPC4,proxqp,low_accuracy,0.07316990999970585,True,1.2253497367267576e-06,2.1668154902152468e-07,6.452517956408158e-06
QUADCMPC4,proxqp,mid_accuracy,0.0841209140016872,True,2.523606754123442e-08,1.4793008196752959e-08,1.7422952261149715e-07
QUADCMPC4,qpalm,default,0.006133249000413343,True,0.0003921190358455233,1.5068509883329079e-06,0.0006261830912987539
QUADCMPC4,qpalm,high_accuracy,0.010481470002559945,True,3.9383228504467625e-11,9.434513809077435e-14,9.797523528719934e-15
QUADCMPC4,qpalm,low_accuracy,0.004062994998093927,True,0.0003921190358455233,1.5068509883329079e-06,0.0006261830912987539
QUADCMPC4,qpalm,mid_accuracy,0.004364569998870138,True,3.598985389933796e-08,8.449953937684361e-11,1.9598613993703023e-11
QUADCMPC4,qpoases,default,3.3530928989966924,False,inf,inf,inf
QUADCMPC4,qpoases,high_accuracy,10.64752925799985,False,inf,inf,inf
QUADCMPC4,qpoases,low_accuracy,0.07012989400027436,True,6.827871601444713e-15,1.5724210397417593e-10,6.170178025112333e-08
QUADCMPC4,qpoases,mid_accuracy,3.411610123999708,False,inf,inf,inf
QUADCMPC4,quadprog,default,0.09733923699968727,True,9.845274522297888e-16,2.85692302656651e-21,2.6469779601696886e-23
QUADCMPC4,quadprog,high_accuracy,0.10837671799890813,True,9.845274522297888e-16,2.85692302656651e-21,2.6469779601696886e-23
QUADCMPC4,quadprog,low_accuracy,0.10852270599934855,True,9.845274522297888e-16,2.85692302656651e-21,2.6469779601696886e-23
QUADCMPC4,quadprog,mid_accuracy,0.10869332500078599,True,9.845274522297888e-16,2.85692302656651e-21,2.6469779601696886e-23
QUADCMPC4,scs,default,0.029329884000617312,True,0.0006666887646129712,7.870351216395513e-06,2.692461773419659e-05
QUADCMPC4,scs,high_accuracy,7.785013144999539,True,9.059428197096294e-10,4.3395644901809125e-14,6.685450855418389e-12
QUADCMPC4,scs,low_accuracy,0.02418627400038531,True,0.0006053124238583363,0.0002039076208985593,0.0005321211310948511
QUADCMPC4,scs,mid_accuracy,0.056569758999103215,True,9.211607205685402e-07,4.005037563201127e-11,1.92273966081858e-09
